﻿material_id,material,type,price,quantity in stock,minimum quantity,quantity per package,unit of measurement
1,Глина,Пластичные материалы,15.29,1570,5500,30,кг
2,Каолин,Пластичные материалы,18.20,1030,3500,25,кг
3,Гидрослюда,Пластичные материалы,17.20,2147,3500,25,кг
4,Монтмориллонит,Пластичные материалы,17.67,3000,3000,30,кг
5,Перлит,Добавка,13.99,150,1000,50,л
6,Стекло,Добавка,2.40,3000,1500,500,кг
7,Дегидратированная глина,Добавка,21.95,3000,2500,20,кг
8,Шамот,Добавка,27.50,2300,1960,20,кг
9,Техническая сода,Электролит,54.55,1200,1500,25,кг
10,Жидкое стекло,Электролит,76.59,500,1500,15,кг
11,Кварц,Глазурь,375.96,1500,2500,10,кг
12,Полевой шпат,Глазурь,15.99,750,1500,100,кг
13,Краска-раствор,Пигмент,200.90,1496,2500,5,л
14,Порошок цветной,Пигмент,84.39,511,1750,25,кг
15,Кварцевый песок,Добавка,4.29,3000,1600,50,кг
16,Жильный кварц,Добавка,18.60,2556,1600,25,кг
17,Барий углекислый,Глазурь,303.64,340,1500,25,кг
18,Бура техническая,Глазурь,125.99,165,1300,25,кг
19,Углещелочной реагент,Электролит,3.45,450,1100,25,кг
20,Пирофосфат натрия,Электролит,700.99,356,1200,25,кг
